base_name,alternative_names,bnf_paragraph_code,bnf_paragraph_name,bnf_section_name,bnf_chapter_name
acamprosate,"Acamprosate calcium,Acamprosate",041001,Alcohol dependence,Drugs used in substance dependence,Central Nervous System
acebutolol,"Acebutolol hydrochloride,Acebutolol",020400,Beta-adrenoceptor blocking drugs,Beta-adrenoceptor blocking drugs,Cardiovascular System
acenocoumarol,Acenocoumarol,020802,Oral anticoagulants,Anticoagulants and protamine,Cardiovascular System
acetyl_l_carnitine,Acetyl-L-carnitine,020604,Peripheral vasodilators and related drugs,"Nitrates, calcium-channel blockers & other antianginal drugs",Cardiovascular System
acipimox,Acipimox,021200,Lipid-regulating drugs,Lipid-regulating drugs,Cardiovascular System
adrenaline,Adrenaline,020703,Cardiopulmonary resuscitation,Sympathomimetics and other vasoconstrictor drugs,Cardiovascular System
agomelatine,Agomelatine,040304,Other antidepressant drugs,Antidepressant drugs,Central Nervous System
alirocumab,Alirocumab,021200,Lipid-regulating drugs,Lipid-regulating drugs,Cardiovascular System
aliskiren,Aliskiren,020505,Renin-angiotensin system drugs,Hypertension and heart failure,Cardiovascular System
almotriptan,Almotriptan,040704,Antimigraine drugs,Analgesics,Central Nervous System
alprazolam,Alprazolam,040102,Anxiolytics,Hypnotics and anxiolytics,Central Nervous System
amantadine,"Amantadine hydrochloride,Amantadine",040901,Dopaminergic drugs used in parkinsonism,Drugs used in parkinsonism and related disorders,Central Nervous System
ambrisentan,Ambrisentan,020501,Vasodilator antihypertensive drugs,Hypertension and heart failure,Cardiovascular System
amiloride,"Amiloride hydrochloride,Amiloride",020203,Potassium-sparing diuretics and aldosterone antagonists,Diuretics,Cardiovascular System
amiloride/bumetanide,Amiloride / Bumetanide,020204,Potassium sparing diuretics and compounds,Diuretics,Cardiovascular System
amiodarone,"Amiodarone hydrochloride,Amiodarone",020302,Drugs for arrhythmias,Anti-arrhythmic drugs,Cardiovascular System
amisulpride,Amisulpride,040201,Antipsychotic drugs,Drugs used in psychoses and related disorders,Central Nervous System
amitriptyline,"Amitriptyline hydrochloride,Amitriptyline",040301,Tricyclic and related antidepressant drugs,Antidepressant drugs,Central Nervous System
amlodipine,Amlodipine,020602,Calcium-channel blockers,"Nitrates, calcium-channel blockers & other antianginal drugs",Cardiovascular System
amobarbital,Amobarbital sodium,040103,Barbiturates,Hypnotics and anxiolytics,Central Nervous System
apixaban,Apixaban,020802,Oral anticoagulants,Anticoagulants and protamine,Cardiovascular System
apomorphine,"Apomorphine hydrochloride,Apomorphine",040901,Dopaminergic drugs used in parkinsonism,Drugs used in parkinsonism and related disorders,Central Nervous System
apomorphine,"Apomorphine hydrochloride hemihydrate,Apomorphine",040901,Dopaminergic drugs used in parkinsonism,Drugs used in parkinsonism and related disorders,Central Nervous System
aprepitant,Aprepitant,040600,Drugs used in nausea and vertigo,Drugs used in nausea and vertigo,Central Nervous System
aripiprazole,Aripiprazole,040201,Antipsychotic drugs,Drugs used in psychoses and related disorders,Central Nervous System
asenapine,Asenapine,040203,Drugs used for mania and hypomania,Drugs used in psychoses and related disorders,Central Nervous System
aspirin,Aspirin,020900,Antiplatelet drugs,Antiplatelet drugs,Cardiovascular System
aspirin/caffeine,"Aspirin and caffeine,Aspirin / Caffeine",040701,Non-opioid analgesics and compound preparations,Analgesics,Central Nervous System
atenolol,Atenolol,020400,Beta-adrenoceptor blocking drugs,Beta-adrenoceptor blocking drugs,Cardiovascular System
atomoxetine,"Atomoxetine hydrochloride,Atomoxetine",040400,CNS stimulants and drugs used for ADHD,CNS stimulants and drugs used for ADHD,Central Nervous System
atorvastatin,Atorvastatin,021200,Lipid-regulating drugs,Lipid-regulating drugs,Cardiovascular System
azilsartan,Azilsartan medoxomil,020505,Renin-angiotensin system drugs,Hypertension and heart failure,Cardiovascular System
bempedoic,Bempedoic acid,021200,Lipid-regulating drugs,Lipid-regulating drugs,Cardiovascular System
bempedoic_acid/ezetimibe,Bempedoic acid / Ezetimibe,021200,Lipid-regulating drugs,Lipid-regulating drugs,Cardiovascular System
bendroflumethiazide,"Bendroflumethiazide,bendrofluazide",020201,Thiazides and related diuretics,Diuretics,Cardiovascular System
benperidol,Benperidol,040201,Antipsychotic drugs,Drugs used in psychoses and related disorders,Central Nervous System
benzatropine,"Benzatropine mesilate,Benzatropine,benztropine",040902,Antimuscarinic drugs used in parkinsonism,Drugs used in parkinsonism and related disorders,Central Nervous System
betahistine,"Betahistine hydrochloride,Betahistine",040600,Drugs used in nausea and vertigo,Drugs used in nausea and vertigo,Central Nervous System
bezafibrate,Bezafibrate,021200,Lipid-regulating drugs,Lipid-regulating drugs,Cardiovascular System
biperiden,"Biperiden hydrochloride,Biperiden",040902,Antimuscarinic drugs used in parkinsonism,Drugs used in parkinsonism and related disorders,Central Nervous System
bisoprolol,"Bisoprolol fumarate,Bisoprolol",020400,Beta-adrenoceptor blocking drugs,Beta-adrenoceptor blocking drugs,Cardiovascular System
bosentan,Bosentan,020501,Vasodilator antihypertensive drugs,Hypertension and heart failure,Cardiovascular System
botulinum,Botulinum toxin type A,040903,"Essential tremor,chorea,tics and related disorders",Drugs used in parkinsonism and related disorders,Central Nervous System
brivaracetam,Brivaracetam,040801,Control of epilepsy,Antiepileptic drugs,Central Nervous System
bromazepam,Bromazepam,040102,Anxiolytics,Hypnotics and anxiolytics,Central Nervous System
bumetanide,Bumetanide,020202,Loop diuretics,Diuretics,Cardiovascular System
buprenorphine/naloxone,"Buprenorph hydrochloride / naloxone hydrochloride,Buprenorphine / Naloxone",041003,Opioid dependence,Drugs used in substance dependence,Central Nervous System
buprenorphine,Buprenorphine,040702,Opioid analgesics,Analgesics,Central Nervous System
buprenorphine,"Buprenorphine hydrochloride,Buprenorphine",041003,Opioid dependence,Drugs used in substance dependence,Central Nervous System
bupropion,"Bupropion hydrochloride,Bupropion",041002,Nicotine dependence,Drugs used in substance dependence,Central Nervous System
buspirone,"Buspirone hydrochloride,Buspirone",040102,Anxiolytics,Hypnotics and anxiolytics,Central Nervous System
butobarbital,Butobarbital,040103,Barbiturates,Hypnotics and anxiolytics,Central Nervous System
cabergoline,Cabergoline,040901,Dopaminergic drugs used in parkinsonism,Drugs used in parkinsonism and related disorders,Central Nervous System
caffeine,Caffeine,040400,CNS stimulants and drugs used for ADHD,CNS stimulants and drugs used for ADHD,Central Nervous System
caffeine,Caffeine citrate,040400,CNS stimulants and drugs used for ADHD,CNS stimulants and drugs used for ADHD,Central Nervous System
candesartan,"Candesartan cilexetil,Candesartan",020505,Renin-angiotensin system drugs,Hypertension and heart failure,Cardiovascular System
cannabidiol,Cannabidiol,040801,Control of epilepsy,Antiepileptic drugs,Central Nervous System
captopril,Captopril,020505,Renin-angiotensin system drugs,Hypertension and heart failure,Cardiovascular System
carbamazepine,Carbamazepine,040801,Control of epilepsy,Antiepileptic drugs,Central Nervous System
cariprazine,Cariprazine,040201,Antipsychotic drugs,Drugs used in psychoses and related disorders,Central Nervous System
carvedilol,Carvedilol,020400,Beta-adrenoceptor blocking drugs,Beta-adrenoceptor blocking drugs,Cardiovascular System
celiprolol,"Celiprolol hydrochloride,Celiprolol",020400,Beta-adrenoceptor blocking drugs,Beta-adrenoceptor blocking drugs,Cardiovascular System
cenobamate,Cenobamate,040801,Control of epilepsy,Antiepileptic drugs,Central Nervous System
chloral_hydrate,Chloral hydrate,040101,Hypnotics,Hypnotics and anxiolytics,Central Nervous System
chlordiazepoxide,"Chlordiazepoxide hydrochloride,Chlordiazepoxide",040102,Anxiolytics,Hypnotics and anxiolytics,Central Nervous System
chlorothiazide,"Chlorothiazide,Chloroth",020201,Thiazides and related diuretics,Diuretics,Cardiovascular System
chlorpromazine,"Chlorpromazine hydrochloride,Chlorpromazine",040201,Antipsychotic drugs,Drugs used in psychoses and related disorders,Central Nervous System
chlortalidone,"Chlortalidone,Chlorthalidone",020201,Thiazides and related diuretics,Diuretics,Cardiovascular System
cilostazol,Cilostazol,020604,Peripheral vasodilators and related drugs,"Nitrates, calcium-channel blockers & other antianginal drugs",Cardiovascular System
cinnarizine,Cinnarizine,040600,Drugs used in nausea and vertigo,Drugs used in nausea and vertigo,Central Nervous System
ciprofibrate,Ciprofibrate,021200,Lipid-regulating drugs,Lipid-regulating drugs,Cardiovascular System
citalopram,"Citalopram hydrobromide,Citalopram",040303,Selective serotonin re-uptake inhibitors,Antidepressant drugs,Central Nervous System
citalopram,"Citalopram hydrochloride,Citalopram",040303,Selective serotonin re-uptake inhibitors,Antidepressant drugs,Central Nervous System
clobazam,Clobazam,040801,Control of epilepsy,Antiepileptic drugs,Central Nervous System
clomethiazole,Clomethiazole,040101,Hypnotics,Hypnotics and anxiolytics,Central Nervous System
clomethiazole,"Clomethiazole edisilate,Clomethiazole",040101,Hypnotics,Hypnotics and anxiolytics,Central Nervous System
clomipramine,"Clomipramine hydrochloride,Clomipramine",040301,Tricyclic and related antidepressant drugs,Antidepressant drugs,Central Nervous System
clonazepam,Clonazepam,040801,Control of epilepsy,Antiepileptic drugs,Central Nervous System
clonidine,"Clonidine hydrochloride,Clonidine",020502,Centrally-acting antihypertensive drugs,Hypertension and heart failure,Cardiovascular System
clopidogrel,Clopidogrel,020900,Antiplatelet drugs,Antiplatelet drugs,Cardiovascular System
cloral_betaine,Cloral betaine,040101,Hypnotics,Hypnotics and anxiolytics,Central Nervous System
clozapine,Clozapine,040201,Antipsychotic drugs,Drugs used in psychoses and related disorders,Central Nervous System
amiloride/furosemide,"Amiloride hydrochloride / frusemide,Amiloride hydrochloride / furosemide,Co-amilofruse",020204,Potassium sparing diuretics and compounds,Diuretics,Cardiovascular System
amiloride/hydrochlorothiazide,"Amiloride hydrochloride / hydrochlorothiazide,Co-amilozide",020204,Potassium sparing diuretics and compounds,Diuretics,Cardiovascular System
benserazide/levodopa,"Benserazide / levodopa,Co-beneldopa",040901,Dopaminergic drugs used in parkinsonism,Drugs used in parkinsonism and related disorders,Central Nervous System
carbidopa/levodopa,"Carbidopa / levodopa,Co-careldopa",040901,Dopaminergic drugs used in parkinsonism,Drugs used in parkinsonism and related disorders,Central Nervous System
codeine/paracetamol,"Codeine phosphate / paracetamol,Co-codamol",040701,Non-opioid analgesics and compound preparations,Analgesics,Central Nervous System
codeine/aspirin,"Codeine phosphate / aspirin,Co-codaprin",040701,Non-opioid analgesics and compound preparations,Analgesics,Central Nervous System
codeine,"Codeine phosphate,Codeine",040702,Opioid analgesics,Analgesics,Central Nervous System
dihydrocodeine/paracetamol,"Dihydrocodeine / paracetamol,Co-dydramol",040701,Non-opioid analgesics and compound preparations,Analgesics,Central Nervous System
hydroflumethiazide/spironolactone,"Hydroflumethiazide / spironolactone,Co-flumactone",020204,Potassium sparing diuretics and compounds,Diuretics,Cardiovascular System
colesevelam,"Colesevelam hydrochloride,Colesevelam",021200,Lipid-regulating drugs,Lipid-regulating drugs,Cardiovascular System
colestipol,"Colestipol hydrochloride,Colestipol",021200,Lipid-regulating drugs,Lipid-regulating drugs,Cardiovascular System
colestyramine,"Colestyramine,Cholestyramine",021200,Lipid-regulating drugs,Lipid-regulating drugs,Cardiovascular System
dextropropoxyphene/paracetamol,"Dextropropoxyphene hydrochloride / paracetamol,Co-proxamol",040701,Non-opioid analgesics and compound preparations,Analgesics,Central Nervous System
atenolol/chlortalidone,"Atenolol / chlortalidone,Co-tenidone",020400,Beta-adrenoceptor blocking drugs,Beta-adrenoceptor blocking drugs,Cardiovascular System
triamterene/hydrochlorothiazide,"Triamterene / hydrochlorothiazide,Co-triamterzide",020204,Potassium sparing diuretics and compounds,Diuretics,Cardiovascular System
hydrochlorothiazide/captopril,"Hydrochlorothiazide / captopril,Co-zidocapt",020505,Renin-angiotensin system drugs,Hypertension and heart failure,Cardiovascular System
cyclizine,"Cyclizine hydrochloride,Cyclizine",040600,Drugs used in nausea and vertigo,Drugs used in nausea and vertigo,Central Nervous System
cyclizine,"Cyclizine lactate,Cyclizine",040600,Drugs used in nausea and vertigo,Drugs used in nausea and vertigo,Central Nervous System
cytisinicline,Cytisinicline,041002,Nicotine dependence,Drugs used in substance dependence,Central Nervous System
dabigatran,Dabigatran etexilate,020802,Oral anticoagulants,Anticoagulants and protamine,Cardiovascular System
dalteparin,Dalteparin sodium,020801,Parenteral anticoagulants,Anticoagulants and protamine,Cardiovascular System
daridorexant,Daridorexant,040104,Other hypnotics and anxiolytics,Hypnotics and anxiolytics,Central Nervous System
dexamfetamine,"Dexamfetamine sulfate,Dexamfetamine",040400,CNS stimulants and drugs used for ADHD,CNS stimulants and drugs used for ADHD,Central Nervous System
diamorphine,"Diamorphine hydrochloride (Systemic),Diamorphine",040702,Opioid analgesics,Analgesics,Central Nervous System
diazepam,Diazepam,040102,Anxiolytics,Hypnotics and anxiolytics,Central Nervous System
digoxin,Digoxin,020101,Cardiac glycosides,Positive inotropic drugs,Cardiovascular System
dihydrocodeine,"Dihydrocodeine tartrate,Dihydrocodeine",040702,Opioid analgesics,Analgesics,Central Nervous System
diltiazem,"Diltiazem hydrochloride,Diltiazem",020602,Calcium-channel blockers,"Nitrates, calcium-channel blockers & other antianginal drugs",Cardiovascular System
dimenhydrinate/cinnarizine,"Dimenhydrinate / cinnarizine,Cinnarizine / Dimenhydrinate",040600,Drugs used in nausea and vertigo,Drugs used in nausea and vertigo,Central Nervous System
diosmin/hesperidin,Diosmin / Hesperidin,020604,Peripheral vasodilators and related drugs,"Nitrates, calcium-channel blockers & other antianginal drugs",Cardiovascular System
dipipanone,"Dipipanone hydrochloride,Dipipanone / Cyclizine",040702,Opioid analgesics,Analgesics,Central Nervous System
dipyridamole,Dipyridamole,020900,Antiplatelet drugs,Antiplatelet drugs,Cardiovascular System
disopyramide,Disopyramide,020302,Drugs for arrhythmias,Anti-arrhythmic drugs,Cardiovascular System
disopyramide,"Disopyramide phosphate,Disopyramide",020302,Drugs for arrhythmias,Anti-arrhythmic drugs,Cardiovascular System
disulfiram,Disulfiram,041001,Alcohol dependence,Drugs used in substance dependence,Central Nervous System
domperidone,Domperidone,040600,Drugs used in nausea and vertigo,Drugs used in nausea and vertigo,Central Nervous System
donepezil,"Donepezil hydrochloride,Donepezil",041100,Dementia,Drugs for dementia,Central Nervous System
dosulepin,"Dosulepin hydrochloride,Dosulepin,Dothiepin",040301,Tricyclic and related antidepressant drugs,Antidepressant drugs,Central Nervous System
doxazosin,"Doxazosin mesilate,Doxazosin",020504,Alpha-adrenoceptor blocking drugs,Hypertension and heart failure,Cardiovascular System
doxepin,Doxepin,040301,Tricyclic and related antidepressant drugs,Antidepressant drugs,Central Nervous System
doxylamine/pyridoxine,"Doxylamine succinate / pyridoxine hydrochloride,Doxylamine / Pyridoxine",040600,Drugs used in nausea and vertigo,Drugs used in nausea and vertigo,Central Nervous System
dronedarone,"Dronedarone hydrochloride,Dronedarone",020302,Drugs for arrhythmias,Anti-arrhythmic drugs,Cardiovascular System
duloxetine,"Duloxetine hydrochloride,Duloxetine",040304,Other antidepressant drugs,Antidepressant drugs,Central Nervous System
edoxaban,Edoxaban,020802,Oral anticoagulants,Anticoagulants and protamine,Cardiovascular System
eletriptan,Eletriptan,040704,Antimigraine drugs,Analgesics,Central Nervous System
enalapril,"Enalapril maleate,Enalapril",020505,Renin-angiotensin system drugs,Hypertension and heart failure,Cardiovascular System
enalapril/hydrochlorothiazide,"Enalapril / Hydrochlorothiazide,Innozide",020505,Renin-angiotensin system drugs,Hypertension and heart failure,Cardiovascular System
enoxaparin,"Enoxaparin,Enoxaparin sodium",020801,Parenteral anticoagulants,Anticoagulants and protamine,Cardiovascular System
enoximone,Enoximone,020102,Phosphodiesterase Type-3 inhibitors,Positive inotropic drugs,Cardiovascular System
entacapone,Entacapone,040901,Dopaminergic drugs used in parkinsonism,Drugs used in parkinsonism and related disorders,Central Nervous System
ephedrine,"Ephedrine hydrochloride,Ephedrine",020702,Vasoconstrictor sympathomimetics,Sympathomimetics and other vasoconstrictor drugs,Cardiovascular System
eplerenone,Eplerenone,020203,Potassium-sparing diuretics and aldosterone antagonists,Diuretics,Cardiovascular System
eprosartan,Eprosartan,020505,Renin-angiotensin system drugs,Hypertension and heart failure,Cardiovascular System
erenumab,Erenumab,040704,Antimigraine drugs,Analgesics,Central Nervous System
ergotamine/caffeine,"Ergotamine tartrate,Ergotamine / Caffeine",040704,Antimigraine drugs,Analgesics,Central Nervous System
escitalopram,Escitalopram,040303,Selective serotonin re-uptake inhibitors,Antidepressant drugs,Central Nervous System
eslicarbazepine,"Eslicarbazepine acetate,Eslicarbazepine",040801,Control of epilepsy,Antiepileptic drugs,Central Nervous System
ethosuximide,Ethosuximide,040801,Control of epilepsy,Antiepileptic drugs,Central Nervous System
etilefrine,"Etilefrine hydrochloride,Etilefrine",020701,Inotropic sympathomimetics,Sympathomimetics and other vasoconstrictor drugs,Cardiovascular System
evolocumab,Evolocumab,021200,Lipid-regulating drugs,Lipid-regulating drugs,Cardiovascular System
ezetimibe,Ezetimibe,021200,Lipid-regulating drugs,Lipid-regulating drugs,Cardiovascular System
felbamate,Felbamate,040801,Control of epilepsy,Antiepileptic drugs,Central Nervous System
felodipine,Felodipine,020602,Calcium-channel blockers,"Nitrates, calcium-channel blockers & other antianginal drugs",Cardiovascular System
fenofibrate,"Fenofibrate,Fenofibrate micronised",021200,Lipid-regulating drugs,Lipid-regulating drugs,Cardiovascular System
fenofibrate/simvastatin,Fenofibrate / Simvastatin,021200,Lipid-regulating drugs,Lipid-regulating drugs,Cardiovascular System
fentanyl,Fentanyl,040702,Opioid analgesics,Analgesics,Central Nervous System
finerenone,Finerenone,020203,Potassium-sparing diuretics and aldosterone antagonists,Diuretics,Cardiovascular System
flecainide,"Flecainide acetate,Flecainide",020302,Drugs for arrhythmias,Anti-arrhythmic drugs,Cardiovascular System
flunarizine,"Flunarizine dihydrochloride,Flunarizine",040600,Drugs used in nausea and vertigo,Drugs used in nausea and vertigo,Central Nervous System
fluoxetine,"Fluoxetine hydrochloride,Fluoxetine",040303,Selective serotonin re-uptake inhibitors,Antidepressant drugs,Central Nervous System
flupentixol,"Flupentixol decanoate,Flupentixol,Flupenthixol",040202,Antipsychotic depot injections,Drugs used in psychoses and related disorders,Central Nervous System
flupentixol,"Flupentixol hydrochloride,Flupentixol,Flupenthixol",040201,Antipsychotic drugs,Drugs used in psychoses and related disorders,Central Nervous System
fluphenazine,Fluphenazine decanoate,040202,Antipsychotic depot injections,Drugs used in psychoses and related disorders,Central Nervous System
fluphenazine,"Fluphenazine hydrochloride,Fluphenazine",040201,Antipsychotic drugs,Drugs used in psychoses and related disorders,Central Nervous System
flurazepam,"Flurazepam hydrochloride,Flurazepam",040101,Hypnotics,Hypnotics and anxiolytics,Central Nervous System
fluvastatin,"Fluvastatin sodium,Fluvastatin",021200,Lipid-regulating drugs,Lipid-regulating drugs,Cardiovascular System
fluvoxamine,"Fluvoxamine maleate,Fluvoxamine",040303,Selective serotonin re-uptake inhibitors,Antidepressant drugs,Central Nervous System
fondaparinux,Fondaparinux sodium,020801,Parenteral anticoagulants,Anticoagulants and protamine,Cardiovascular System
fosinopril,"Fosinopril sodium,Fosinopril",020505,Renin-angiotensin system drugs,Hypertension and heart failure,Cardiovascular System
fremanezumab,Fremanezumab,040704,Antimigraine drugs,Analgesics,Central Nervous System
frovatriptan,Frovatriptan,040704,Antimigraine drugs,Analgesics,Central Nervous System
furosemide,"Furosemide,Frusemide",020202,Loop diuretics,Diuretics,Cardiovascular System
gabapentin,Gabapentin,040801,Control of epilepsy,Antiepileptic drugs,Central Nervous System
gabapentin,"Gabapentin (Neuropathic Pain),Gabapentin",040703,Neuropathic pain,Analgesics,Central Nervous System
galantamine,Galantamine,041100,Dementia,Drugs for dementia,Central Nervous System
galcanezumab,Galcanezumab,040704,Antimigraine drugs,Analgesics,Central Nervous System
gemfibrozil,Gemfibrozil,021200,Lipid-regulating drugs,Lipid-regulating drugs,Cardiovascular System
glyceryl_trinitrate,Glyceryl trinitrate,020601,Nitrates,"Nitrates, calcium-channel blockers & other antianginal drugs",Cardiovascular System
granisetron,Granisetron,040600,Drugs used in nausea and vertigo,Drugs used in nausea and vertigo,Central Nervous System
granisetron,"Granisetron hydrochloride,Granisetron",040600,Drugs used in nausea and vertigo,Drugs used in nausea and vertigo,Central Nervous System
guanfacine,Guanfacine,040400,CNS stimulants and drugs used for ADHD,CNS stimulants and drugs used for ADHD,Central Nervous System
guanfacine,"Guanfacine hydrochloride,Guanfacine",020502,Centrally-acting antihypertensive drugs,Hypertension and heart failure,Cardiovascular System
haloperidol,Haloperidol,040201,Antipsychotic drugs,Drugs used in psychoses and related disorders,Central Nervous System
haloperidol,Haloperidol decanoate,040202,Antipsychotic depot injections,Drugs used in psychoses and related disorders,Central Nervous System
heparin,Heparin calcium,020801,Parenteral anticoagulants,Anticoagulants and protamine,Cardiovascular System
heparin,"Heparin flushes,Heparin sodium",020801,Parenteral anticoagulants,Anticoagulants and protamine,Cardiovascular System
heparin,Heparin sodium,020801,Parenteral anticoagulants,Anticoagulants and protamine,Cardiovascular System
hydralazine,"Hydralazine hydrochloride,Hydralazine",020501,Vasodilator antihypertensive drugs,Hypertension and heart failure,Cardiovascular System
hydrochlorothiazide,"Hydrochlorothiazide,Hydrochlorthiazide,Hydchloroth",020201,Thiazides and related diuretics,Diuretics,Cardiovascular System
hydromorphone,"Hydromorphone hydrochloride,Hydromorphone",040702,Opioid analgesics,Analgesics,Central Nervous System
hyoscine,Hyoscine,040600,Drugs used in nausea and vertigo,Drugs used in nausea and vertigo,Central Nervous System
hyoscine,Hyoscine hydrobromide,040600,Drugs used in nausea and vertigo,Drugs used in nausea and vertigo,Central Nervous System
icosapent,Icosapent,021200,Lipid-regulating drugs,Lipid-regulating drugs,Cardiovascular System
iloprost,Iloprost,020501,Vasodilator antihypertensive drugs,Hypertension and heart failure,Cardiovascular System
imidapril,"Imidapril hydrochloride,Imidapril",020505,Renin-angiotensin system drugs,Hypertension and heart failure,Cardiovascular System
imipramine,"Imipramine hydrochloride,Imipramine",040301,Tricyclic and related antidepressant drugs,Antidepressant drugs,Central Nervous System
inclisiran,Inclisiran,021200,Lipid-regulating drugs,Lipid-regulating drugs,Cardiovascular System
indapamide,Indapamide,020201,Thiazides and related diuretics,Diuretics,Cardiovascular System
indoramin,Indoramin,020504,Alpha-adrenoceptor blocking drugs,Hypertension and heart failure,Cardiovascular System
irbesartan,Irbesartan,020505,Renin-angiotensin system drugs,Hypertension and heart failure,Cardiovascular System
irbesartan/hydrochlorothiazide,"Irbesartan / Hydrochlorothiazide,CoAprovel",020505,Renin-angiotensin system drugs,Hypertension and heart failure,Cardiovascular System
isocarboxazid,Isocarboxazid,040302,Monoamine-oxidase inhibitors (maois),Antidepressant drugs,Central Nervous System
isometheptene/paracetamol,"Isometheptene / Paracetamol,Midrid",040701,Non-opioid analgesics and compound preparations,Analgesics,Central Nervous System
isosorbide_dinitrate,Isosorbide dinitrate,020601,Nitrates,"Nitrates, calcium-channel blockers & other antianginal drugs",Cardiovascular System
isosorbide_mononitrate,Isosorbide mononitrate,020601,Nitrates,"Nitrates, calcium-channel blockers & other antianginal drugs",Cardiovascular System
ivabradine,Ivabradine,020603,Other antianginal drugs,"Nitrates, calcium-channel blockers & other antianginal drugs",Cardiovascular System
ketamine,"Ketamine hydrochloride,Ketamine",040600,Drugs used in nausea and vertigo,Drugs used in nausea and vertigo,Central Nervous System
labetalol,"Labetalol hydrochloride,Labetalol",020400,Beta-adrenoceptor blocking drugs,Beta-adrenoceptor blocking drugs,Cardiovascular System
lacidipine,Lacidipine,020602,Calcium-channel blockers,"Nitrates, calcium-channel blockers & other antianginal drugs",Cardiovascular System
lacosamide,Lacosamide,040801,Control of epilepsy,Antiepileptic drugs,Central Nervous System
lamotrigine,Lamotrigine,040801,Control of epilepsy,Antiepileptic drugs,Central Nervous System
lercanidipine,"Lercanidipine hydrochloride,Lercanidipine",020602,Calcium-channel blockers,"Nitrates, calcium-channel blockers & other antianginal drugs",Cardiovascular System
levetiracetam,"Levetiracetam,Levetiraceta",040801,Control of epilepsy,Antiepileptic drugs,Central Nervous System
levodopa,Levodopa,040901,Dopaminergic drugs used in parkinsonism,Drugs used in parkinsonism and related disorders,Central Nervous System
levodopa/carbidopa/entacapone,Levodopa / Carbidopa / Entacapone,040901,Dopaminergic drugs used in parkinsonism,Drugs used in parkinsonism and related disorders,Central Nervous System
levomepromazine,"Levomepromazine hydrochloride,Levomepromazine",040201,Antipsychotic drugs,Drugs used in psychoses and related disorders,Central Nervous System
levomepromazine,"Levomepromazine maleate,Levomepromazine",040201,Antipsychotic drugs,Drugs used in psychoses and related disorders,Central Nervous System
lidocaine,"Lidocaine hydrochloride,Lidocaine,lignocaine",020302,Drugs for arrhythmias,Anti-arrhythmic drugs,Cardiovascular System
lisdexamfetamine,"Lisdexamfetamine dimesylate,Lisdexamfetamine",040400,CNS stimulants and drugs used for ADHD,CNS stimulants and drugs used for ADHD,Central Nervous System
lisinopril,Lisinopril,020505,Renin-angiotensin system drugs,Hypertension and heart failure,Cardiovascular System
lisinopril/hydrochlorothiazide,"Lisinopril / Hydrochlorothiazide,Carace Plus,Caralpha,Lisicostad,Zestoretic",020505,Renin-angiotensin system drugs,Hypertension and heart failure,Cardiovascular System
lithium,Lithium carbonate,040203,Drugs used for mania and hypomania,Drugs used in psychoses and related disorders,Central Nervous System
lithium,Lithium citrate,040203,Drugs used for mania and hypomania,Drugs used in psychoses and related disorders,Central Nervous System
lofepramine,"Lofepramine hydrochloride,Lofepramine",040301,Tricyclic and related antidepressant drugs,Antidepressant drugs,Central Nervous System
loprazolam,"Loprazolam mesilate,Loprazolam",040101,Hypnotics,Hypnotics and anxiolytics,Central Nervous System
lorazepam,Lorazepam,040102,Anxiolytics,Hypnotics and anxiolytics,Central Nervous System
lormetazepam,Lormetazepam,040101,Hypnotics,Hypnotics and anxiolytics,Central Nervous System
losartan,"Losartan potassium,Losartan",020505,Renin-angiotensin system drugs,Hypertension and heart failure,Cardiovascular System
losartan/hydrochlorothiazide,"Losartan / Hydrochlorothiazide,Cozaar-Comp,Hyzaar",020505,Renin-angiotensin system drugs,Hypertension and heart failure,Cardiovascular System
lurasidone,Lurasidone,040201,Antipsychotic drugs,Drugs used in psychoses and related disorders,Central Nervous System
macitentan,Macitentan,020501,Vasodilator antihypertensive drugs,Hypertension and heart failure,Cardiovascular System
meclozine,"Meclozine hydrochloride,Meclozine",040600,Drugs used in nausea and vertigo,Drugs used in nausea and vertigo,Central Nervous System
melatonin,Melatonin,040101,Hypnotics,Hypnotics and anxiolytics,Central Nervous System
memantine,"Memantine hydrochloride,Memantine",041100,Dementia,Drugs for dementia,Central Nervous System
meptazinol,"Meptazinol hydrochloride,Meptazinol",040702,Opioid analgesics,Analgesics,Central Nervous System
methadone,"Methadone hydrochloride,Methadone",040702,Opioid analgesics,Analgesics,Central Nervous System
methyldopa,Methyldopa,020502,Centrally-acting antihypertensive drugs,Hypertension and heart failure,Cardiovascular System
methylphenidate,"Methylphenidate hydrochloride,Methylphenidate",040400,CNS stimulants and drugs used for ADHD,CNS stimulants and drugs used for ADHD,Central Nervous System
metoclopramide,"Metoclopramide hydrochloride,Metoclopramide",040600,Drugs used in nausea and vertigo,Drugs used in nausea and vertigo,Central Nervous System
metolazone,Metolazone,020201,Thiazides and related diuretics,Diuretics,Cardiovascular System
metoprolol,"Metoprolol tartrate,Metoprolol",020400,Beta-adrenoceptor blocking drugs,Beta-adrenoceptor blocking drugs,Cardiovascular System
mexiletine,"Mexiletine hydrochloride,Mexiletine",020302,Drugs for arrhythmias,Anti-arrhythmic drugs,Cardiovascular System
mianserin,"Mianserin hydrochloride,Mianserin",040301,Tricyclic and related antidepressant drugs,Antidepressant drugs,Central Nervous System
midazolam,"Midazolam hydrochloride,Midazolam",040802,Drugs used in status epilepticus,Antiepileptic drugs,Central Nervous System
midazolam,"Midazolam maleate,Midazolam",040802,Drugs used in status epilepticus,Antiepileptic drugs,Central Nervous System
midodrine,"Midodrine hydrochloride,Midodrine",020702,Vasoconstrictor sympathomimetics,Sympathomimetics and other vasoconstrictor drugs,Cardiovascular System
minoxidil,Minoxidil,020501,Vasodilator antihypertensive drugs,Hypertension and heart failure,Cardiovascular System
mirtazapine,Mirtazapine,040304,Other antidepressant drugs,Antidepressant drugs,Central Nervous System
moclobemide,Moclobemide,040302,Monoamine-oxidase inhibitors (maois),Antidepressant drugs,Central Nervous System
modafinil,Modafinil,040400,CNS stimulants and drugs used for ADHD,CNS stimulants and drugs used for ADHD,Central Nervous System
morphine,Morphine (Opium Tincture),040702,Opioid analgesics,Analgesics,Central Nervous System
morphine,Morphine hydrochloride,040702,Opioid analgesics,Analgesics,Central Nervous System
morphine,Morphine sulfate,040702,Opioid analgesics,Analgesics,Central Nervous System
moxisylyte,"Moxisylyte hydrochloride,Moxisylyte",020604,Peripheral vasodilators and related drugs,"Nitrates, calcium-channel blockers & other antianginal drugs",Cardiovascular System
moxonidine,Moxonidine,020502,Centrally-acting antihypertensive drugs,Hypertension and heart failure,Cardiovascular System
nabilone,Nabilone,040600,Drugs used in nausea and vertigo,Drugs used in nausea and vertigo,Central Nervous System
nadolol,Nadolol,020400,Beta-adrenoceptor blocking drugs,Beta-adrenoceptor blocking drugs,Cardiovascular System
naftidrofuryl,"Naftidrofuryl oxalate,Naftidrofuryl",020604,Peripheral vasodilators and related drugs,"Nitrates, calcium-channel blockers & other antianginal drugs",Cardiovascular System
nalmefene,Nalmefene,041001,Alcohol dependence,Drugs used in substance dependence,Central Nervous System
naltrexone,"Naltrexone hydrochloride,Naltrexone",041003,Opioid dependence,Drugs used in substance dependence,Central Nervous System
naltrexone/bupropion,Naltrexone / Bupropion,040502,Centrally-acting appetite suppressants,Drugs used in the treatment of obesity,Central Nervous System
naratriptan,"Naratriptan hydrochloride,Naratriptan",040704,Antimigraine drugs,Analgesics,Central Nervous System
nebivolol,Nebivolol,020400,Beta-adrenoceptor blocking drugs,Beta-adrenoceptor blocking drugs,Cardiovascular System
nefopam,"Nefopam hydrochloride,Nefopam",040701,Non-opioid analgesics and compound preparations,Analgesics,Central Nervous System
netupitant/palonosetron,Netupitant / Palonosetron hydrochloride,040600,Drugs used in nausea and vertigo,Drugs used in nausea and vertigo,Central Nervous System
nicardipine,"Nicardipine hydrochloride,Nicardipine",020602,Calcium-channel blockers,"Nitrates, calcium-channel blockers & other antianginal drugs",Cardiovascular System
nicorandil,Nicorandil,020603,Other antianginal drugs,"Nitrates, calcium-channel blockers & other antianginal drugs",Cardiovascular System
nicotine,Nicotine,041002,Nicotine dependence,Drugs used in substance dependence,Central Nervous System
nicotine,Nicotine bitartrate,041002,Nicotine dependence,Drugs used in substance dependence,Central Nervous System
nicotinic_acid,Nicotinic acid,021200,Lipid-regulating drugs,Lipid-regulating drugs,Cardiovascular System
nifedipine,Nifedipine,020602,Calcium-channel blockers,"Nitrates, calcium-channel blockers & other antianginal drugs",Cardiovascular System
nimodipine,Nimodipine,020602,Calcium-channel blockers,"Nitrates, calcium-channel blockers & other antianginal drugs",Cardiovascular System
nitrazepam,Nitrazepam,040101,Hypnotics,Hypnotics and anxiolytics,Central Nervous System
nortriptyline,Nortriptyline,040301,Tricyclic and related antidepressant drugs,Antidepressant drugs,Central Nervous System
olanzapine,Olanzapine,040201,Antipsychotic drugs,Drugs used in psychoses and related disorders,Central Nervous System
olanzapine,Olanzapine embonate,040202,Antipsychotic depot injections,Drugs used in psychoses and related disorders,Central Nervous System
olmesartan,Olmesartan medoxomil,020505,Renin-angiotensin system drugs,Hypertension and heart failure,Cardiovascular System
olmesartan/amlodipine,Olmesartan medoxomil / Amlodipine,020505,Renin-angiotensin system drugs,Hypertension and heart failure,Cardiovascular System
olmesartan/hydrochlorothiazide,Olmesartan medoxomil / Hydrochlorothiazide,020505,Renin-angiotensin system drugs,Hypertension and heart failure,Cardiovascular System
omega_3_acid,"Omega-3-acid,Eicosapentaenoic acid,Docosahexaenoic acid",021200,Lipid-regulating drugs,Lipid-regulating drugs,Cardiovascular System
ondansetron,"Ondansetron hydrochloride,Ondansetron",040600,Drugs used in nausea and vertigo,Drugs used in nausea and vertigo,Central Nervous System
opicapone,Opicapone,040901,Dopaminergic drugs used in parkinsonism,Drugs used in parkinsonism and related disorders,Central Nervous System
orlistat,Orlistat,040501,Gastro-intestinal anti-obesity drugs,Drugs used in the treatment of obesity,Central Nervous System
orphenadrine,"Orphenadrine hydrochloride,Orphenadrine",040902,Antimuscarinic drugs used in parkinsonism,Drugs used in parkinsonism and related disorders,Central Nervous System
levomenthol,Levomenthol,040701,Non-opioid analgesics and compound preparations,Analgesics,Central Nervous System
oxazepam,Oxazepam,040102,Anxiolytics,Hypnotics and anxiolytics,Central Nervous System
oxcarbazepine,Oxcarbazepine,040801,Control of epilepsy,Antiepileptic drugs,Central Nervous System
oxitriptan,Oxitriptan,040304,Other antidepressant drugs,Antidepressant drugs,Central Nervous System
oxycodone,"Oxycodone hydrochloride,Oxycodone",040702,Opioid analgesics,Analgesics,Central Nervous System
oxycodone/naloxone,"Oxycodone hydrochloride / naloxone hydrochloride,Oxycodone / Naloxone",040702,Opioid analgesics,Analgesics,Central Nervous System
paliperidone,Paliperidone,040201,Antipsychotic drugs,Drugs used in psychoses and related disorders,Central Nervous System
paracetamol,Paracetamol,040701,Non-opioid analgesics and compound preparations,Analgesics,Central Nervous System
paracetamol/caffeine,"Paracetamol and caffeine,Paracetamol / Caffeine",040701,Non-opioid analgesics and compound preparations,Analgesics,Central Nervous System
paracetamol/ibuprofen,"Paracetamol and ibuprofen,Paracetamol / Ibuprofen",040701,Non-opioid analgesics and compound preparations,Analgesics,Central Nervous System
paracetamol/phenylephrine,"Paracetamol and phenylephrine hydrochloride,Paracetamol / Phenylephrine",040701,Non-opioid analgesics and compound preparations,Analgesics,Central Nervous System
paraldehyde,Paraldehyde,040802,Drugs used in status epilepticus,Antiepileptic drugs,Central Nervous System
paroxetine,"Paroxetine hydrochloride,Paroxetine",040303,Selective serotonin re-uptake inhibitors,Antidepressant drugs,Central Nervous System
pentazocine,"Pentazocine hydrochloride,Pentazocine",040702,Opioid analgesics,Analgesics,Central Nervous System
pentosan,Pentosan polysulfate sodium,020802,Oral anticoagulants,Anticoagulants and protamine,Cardiovascular System
pentoxifylline,Pentoxifylline,020604,Peripheral vasodilators and related drugs,"Nitrates, calcium-channel blockers & other antianginal drugs",Cardiovascular System
perampanel,Perampanel,040801,Control of epilepsy,Antiepileptic drugs,Central Nervous System
pericyazine,Pericyazine,040201,Antipsychotic drugs,Drugs used in psychoses and related disorders,Central Nervous System
perindopril,"Perindopril arginine,Perindopril tosilate,Perindopril erbumine",020505,Renin-angiotensin system drugs,Hypertension and heart failure,Cardiovascular System
perindopril/indapamide,"Perindopril arginine / Indapamide,Perindopril erbumine / Indapamide,Perindopril tosilate / Indapamide,Coversyl Plus,Coversyl Arginine Plus",020505,Renin-angiotensin system drugs,Hypertension and heart failure,Cardiovascular System
perindopril/amlodipine,"Perindopril arginine / Amlodipine,Perindopril erbumine / Amlodipine,Perindopril tosilate / Amlodipine",020505,Renin-angiotensin system drugs,Hypertension and heart failure,Cardiovascular System
perphenazine,Perphenazine,040201,Antipsychotic drugs,Drugs used in psychoses and related disorders,Central Nervous System
pethidine,"Pethidine hydrochloride,Pethidine",040702,Opioid analgesics,Analgesics,Central Nervous System
phenelzine,"Phenelzine sulfate,Phenelzine",040302,Monoamine-oxidase inhibitors (maois),Antidepressant drugs,Central Nervous System
phenindione,Phenindione,020802,Oral anticoagulants,Anticoagulants and protamine,Cardiovascular System
phenobarbital,"Phenobarbital,phenobarbitone",040801,Control of epilepsy,Antiepileptic drugs,Central Nervous System
phenobarbital,"Phenobarbital sodium,Phenobarbital",040801,Control of epilepsy,Antiepileptic drugs,Central Nervous System
phenoxybenzamine,"Phenoxybenzamine hydrochloride,Phenoxybenzamine",020504,Alpha-adrenoceptor blocking drugs,Hypertension and heart failure,Cardiovascular System
phenprocoumon,Phenprocoumon,020802,Oral anticoagulants,Anticoagulants and protamine,Cardiovascular System
phenytoin,Phenytoin,040801,Control of epilepsy,Antiepileptic drugs,Central Nervous System
phenytoin,Phenytoin sodium,040801,Control of epilepsy,Antiepileptic drugs,Central Nervous System
pimozide,Pimozide,040201,Antipsychotic drugs,Drugs used in psychoses and related disorders,Central Nervous System
pindolol,Pindolol,020400,Beta-adrenoceptor blocking drugs,Beta-adrenoceptor blocking drugs,Cardiovascular System
piracetam,Piracetam,040903,"Essential tremor,chorea,tics and related disorders",Drugs used in parkinsonism and related disorders,Central Nervous System
pitolisant,"Pitolisant hydrochloride,Pitolisant",040400,CNS stimulants and drugs used for ADHD,CNS stimulants and drugs used for ADHD,Central Nervous System
pizotifen,"Pizotifen malate,Pizotifen",040704,Antimigraine drugs,Analgesics,Central Nervous System
pramipexole,Pramipexole,040901,Dopaminergic drugs used in parkinsonism,Drugs used in parkinsonism and related disorders,Central Nervous System
prasugrel,Prasugrel,020900,Antiplatelet drugs,Antiplatelet drugs,Cardiovascular System
pravastatin,"Pravastatin sodium,Pravastatin",021200,Lipid-regulating drugs,Lipid-regulating drugs,Cardiovascular System
prazosin,"Prazosin hydrochloride,Prazosin",020504,Alpha-adrenoceptor blocking drugs,Hypertension and heart failure,Cardiovascular System
pregabalin,Pregabalin,040801,Control of epilepsy,Antiepileptic drugs,Central Nervous System
primidone,Primidone,040801,Control of epilepsy,Antiepileptic drugs,Central Nervous System
prochlorperazine,"Prochlorperazine maleate,Prochlorperazine",040600,Drugs used in nausea and vertigo,Drugs used in nausea and vertigo,Central Nervous System
prochlorperazine,"Prochlorperazine mesilate,Prochlorperazine",040600,Drugs used in nausea and vertigo,Drugs used in nausea and vertigo,Central Nervous System
procyclidine,"Procyclidine hydrochloride,Procyclidine",040902,Antimuscarinic drugs used in parkinsonism,Drugs used in parkinsonism and related disorders,Central Nervous System
promazine,"Promazine hydrochloride,Promazine",040201,Antipsychotic drugs,Drugs used in psychoses and related disorders,Central Nervous System
promethazine,Promethazine teoclate,040600,Drugs used in nausea and vertigo,Drugs used in nausea and vertigo,Central Nervous System
propafenone,"Propafenone hydrochloride,Propafenone",020302,Drugs for arrhythmias,Anti-arrhythmic drugs,Cardiovascular System
propranolol,"Propranolol hydrochloride,Propranolol",020400,Beta-adrenoceptor blocking drugs,Beta-adrenoceptor blocking drugs,Cardiovascular System
quetiapine,Quetiapine,040201,Antipsychotic drugs,Drugs used in psychoses and related disorders,Central Nervous System
quinapril,"Quinapril hydrochloride,Quinapril",020505,Renin-angiotensin system drugs,Hypertension and heart failure,Cardiovascular System
quinapril/hydrochlorothiazide,"Quinapril / Hydrochlorothiazide,Accuretic",020505,Renin-angiotensin system drugs,Hypertension and heart failure,Cardiovascular System
quinidine,Quinidine sulfate,020302,Drugs for arrhythmias,Anti-arrhythmic drugs,Cardiovascular System
ramipril,Ramipril,020505,Renin-angiotensin system drugs,Hypertension and heart failure,Cardiovascular System
felodipine/ramipril,"Felodipine / Ramipril,Triapin",020505,Renin-angiotensin system drugs,Hypertension and heart failure,Cardiovascular System
ranolazine,Ranolazine,020603,Other antianginal drugs,"Nitrates, calcium-channel blockers & other antianginal drugs",Cardiovascular System
rasagiline,"Rasagiline mesilate,Rasagiline",040901,Dopaminergic drugs used in parkinsonism,Drugs used in parkinsonism and related disorders,Central Nervous System
reboxetine,Reboxetine,040304,Other antidepressant drugs,Antidepressant drugs,Central Nervous System
riluzole,Riluzole,040903,"Essential tremor,chorea,tics and related disorders",Drugs used in parkinsonism and related disorders,Central Nervous System
rimegepant,Rimegepant,040704,Antimigraine drugs,Analgesics,Central Nervous System
risperidone,Risperidone,040201,Antipsychotic drugs,Drugs used in psychoses and related disorders,Central Nervous System
rivaroxaban,Rivaroxaban,020802,Oral anticoagulants,Anticoagulants and protamine,Cardiovascular System
rivastigmine,Rivastigmine,041100,Dementia,Drugs for dementia,Central Nervous System
rizatriptan,Rizatriptan,040704,Antimigraine drugs,Analgesics,Central Nervous System
ropinirole,"Ropinirole hydrochloride,Ropinirole",040901,Dopaminergic drugs used in parkinsonism,Drugs used in parkinsonism and related disorders,Central Nervous System
rosuvastatin,"Rosuvastatin calcium,Rosuvastatin",021200,Lipid-regulating drugs,Lipid-regulating drugs,Cardiovascular System
rotigotine,Rotigotine,040901,Dopaminergic drugs used in parkinsonism,Drugs used in parkinsonism and related disorders,Central Nervous System
rufinamide,Rufinamide,040801,Control of epilepsy,Antiepileptic drugs,Central Nervous System
rutosides,"Rutosides,Oxerutins",020604,Peripheral vasodilators and related drugs,"Nitrates, calcium-channel blockers & other antianginal drugs",Cardiovascular System
sacubitril/valsartan,Sacubitril / Valsartan,020505,Renin-angiotensin system drugs,Hypertension and heart failure,Cardiovascular System
safinamide,Safinamide,040901,Dopaminergic drugs used in parkinsonism,Drugs used in parkinsonism and related disorders,Central Nervous System
secobarbital,Secobarbital sodium,040103,Barbiturates,Hypnotics and anxiolytics,Central Nervous System
selegiline,"Selegiline hydrochloride,Selegiline",040901,Dopaminergic drugs used in parkinsonism,Drugs used in parkinsonism and related disorders,Central Nervous System
sertraline,"Sertraline hydrochloride,Sertraline",040303,Selective serotonin re-uptake inhibitors,Antidepressant drugs,Central Nervous System
sildenafil,"Sildenafil(Vasodilator Antihypertensive),Sildenafil",020501,Vasodilator antihypertensive drugs,Hypertension and heart failure,Cardiovascular System
simvastatin,Simvastatin,021200,Lipid-regulating drugs,Lipid-regulating drugs,Cardiovascular System
simvastatin/ezetimibe,"Simvastatin and ezetimibe,Simvastatin / Ezetimibe",021200,Lipid-regulating drugs,Lipid-regulating drugs,Cardiovascular System
oxybate,Sodium oxybate,040101,Hypnotics,Hypnotics and anxiolytics,Central Nervous System
tetradecyl_sulphate,"Sodium tetradecyl sulphate,Sodium tetradecyl sulfate",021300,Local sclerosants,Local sclerosants,Cardiovascular System
valproate,Sodium valproate,040801,Control of epilepsy,Antiepileptic drugs,Central Nervous System
sotalol,"Sotalol hydrochloride,Sotalol",020400,Beta-adrenoceptor blocking drugs,Beta-adrenoceptor blocking drugs,Cardiovascular System
spironolactone,Spironolactone,020203,Potassium-sparing diuretics and aldosterone antagonists,Diuretics,Cardiovascular System
spironolactone/furosemide,"Spironolactone / Furosemide,Spironol / Furosemide,Lasilactone",020204,Potassium sparing diuretics and compounds,Diuretics,Cardiovascular System
stiripentol,Stiripentol,040801,Control of epilepsy,Antiepileptic drugs,Central Nervous System
sulpiride,Sulpiride,040201,Antipsychotic drugs,Drugs used in psychoses and related disorders,Central Nervous System
sultiame,Sultiame,040801,Control of epilepsy,Antiepileptic drugs,Central Nervous System
sumatriptan,"Sumatriptan succinate,Sumatriptan",040704,Antimigraine drugs,Analgesics,Central Nervous System
tadalafil,"Tadalafil (Vasodilator Antihypertensive),Tadalafil",020501,Vasodilator antihypertensive drugs,Hypertension and heart failure,Cardiovascular System
tapentadol,"Tapentadol hydrochloride,Tapentadol",040702,Opioid analgesics,Analgesics,Central Nervous System
tapentadol,"Tapentadol phosphate,Tapentadol",040702,Opioid analgesics,Analgesics,Central Nervous System
telmisartan,Telmisartan,020505,Renin-angiotensin system drugs,Hypertension and heart failure,Cardiovascular System
telmisartan/hydrochlorothiazide,"Telmisartan / Hydrochlorothiazide,Actelsar,MicardisPlus,Tolucombi",020505,Renin-angiotensin system drugs,Hypertension and heart failure,Cardiovascular System
temazepam,Temazepam,040101,Hypnotics,Hypnotics and anxiolytics,Central Nervous System
terazosin,"Terazosin hydrochloride,Terazosin",020504,Alpha-adrenoceptor blocking drugs,Hypertension and heart failure,Cardiovascular System
tetrabenazine,Tetrabenazine,040903,"Essential tremor,chorea,tics and related disorders",Drugs used in parkinsonism and related disorders,Central Nervous System
thioridazine,Thioridazine,040201,Antipsychotic drugs,Drugs used in psychoses and related disorders,Central Nervous System
tiagabine,Tiagabine,040801,Control of epilepsy,Antiepileptic drugs,Central Nervous System
ticagrelor,Ticagrelor,020900,Antiplatelet drugs,Antiplatelet drugs,Cardiovascular System
ticlopidine,"Ticlopidine hydrochloride,Ticlopidine",020900,Antiplatelet drugs,Antiplatelet drugs,Cardiovascular System
timolol,Timolol,020400,Beta-adrenoceptor blocking drugs,Beta-adrenoceptor blocking drugs,Cardiovascular System
timolol/bendroflumethiazide,"Timolol / Bendroflumethiazide,Timolol / bendrofluazide,Prestim",020400,Beta-adrenoceptor blocking drugs,Beta-adrenoceptor blocking drugs,Cardiovascular System
tinzaparin,Tinzaparin sodium,020801,Parenteral anticoagulants,Anticoagulants and protamine,Cardiovascular System
tolcapone,Tolcapone,040901,Dopaminergic drugs used in parkinsonism,Drugs used in parkinsonism and related disorders,Central Nervous System
tolfenamic_acid,Tolfenamic acid,040704,Antimigraine drugs,Analgesics,Central Nervous System
topiramate,Topiramate,040801,Control of epilepsy,Antiepileptic drugs,Central Nervous System
torasemide,Torasemide,020202,Loop diuretics,Diuretics,Cardiovascular System
tramadol,"Tramadol hydrochloride,Tramadol",040702,Opioid analgesics,Analgesics,Central Nervous System
trandolapril,Trandolapril,020505,Renin-angiotensin system drugs,Hypertension and heart failure,Cardiovascular System
tranexamic_acid,Tranexamic acid,021100,Antifibrinolytic drugs and haemostatics,Antifibrinolytic drugs and haemostatics,Cardiovascular System
tranylcypromine,"Tranylcypromine sulfate,Tranylcypromine",040302,Monoamine-oxidase inhibitors (maois),Antidepressant drugs,Central Nervous System
trazodone,"Trazodone hydrochloride,Trazodone",040301,Tricyclic and related antidepressant drugs,Antidepressant drugs,Central Nervous System
triamterene/furosemide,"Triamterene / Furosemide,Frusene",020204,Potassium sparing diuretics and compounds,Diuretics,Cardiovascular System
triamterene/chlortalidone,"Triamterene / Chlortalidone,Kalspare",020204,Potassium sparing diuretics and compounds,Diuretics,Cardiovascular System
trifluoperazine,Trifluoperazine,040201,Antipsychotic drugs,Drugs used in psychoses and related disorders,Central Nervous System
trihexyphenidyl,"Trihexyphenidyl hydrochloride,Trihexyphenidyl",040902,Antimuscarinic drugs used in parkinsonism,Drugs used in parkinsonism and related disorders,Central Nervous System
trimetazidine,"Trimetazidine hydrochloride,Trimetazidine",020602,Calcium-channel blockers,"Nitrates, calcium-channel blockers & other antianginal drugs",Cardiovascular System
trimipramine,"Trimipramine maleate,Trimipramine",040301,Tricyclic and related antidepressant drugs,Antidepressant drugs,Central Nervous System
tryptophan,Tryptophan,040304,Other antidepressant drugs,Antidepressant drugs,Central Nervous System
valproic_acid,Valproic acid,040203,Drugs used for mania and hypomania,Drugs used in psychoses and related disorders,Central Nervous System
valsartan,Valsartan,020505,Renin-angiotensin system drugs,Hypertension and heart failure,Cardiovascular System
valsartan/hydrochlorothiazide,"Valsartan / Hydrochlorothiazide,Co-Diovan",020505,Renin-angiotensin system drugs,Hypertension and heart failure,Cardiovascular System
valsartan/amlodipine,"Valsartan / amlodipine,Amlodipine / Valsartan",020602,Calcium-channel blockers,"Nitrates, calcium-channel blockers & other antianginal drugs",Cardiovascular System
varenicline,"Varenicline tartrate,Varenicline",041002,Nicotine dependence,Drugs used in substance dependence,Central Nervous System
venlafaxine,Venlafaxine,040304,Other antidepressant drugs,Antidepressant drugs,Central Nervous System
verapamil,"Verapamil hydrochloride,Verapamil",020602,Calcium-channel blockers,"Nitrates, calcium-channel blockers & other antianginal drugs",Cardiovascular System
vericiguat,Vericiguat,020501,Vasodilator antihypertensive drugs,Hypertension and heart failure,Cardiovascular System
vigabatrin,Vigabatrin,040801,Control of epilepsy,Antiepileptic drugs,Central Nervous System
vortioxetine,Vortioxetine,040304,Other antidepressant drugs,Antidepressant drugs,Central Nervous System
warfarin,"Warfarin sodium,Warfarin",020802,Oral anticoagulants,Anticoagulants and protamine,Cardiovascular System
xipamide,Xipamide,020201,Thiazides and related diuretics,Diuretics,Cardiovascular System
ziprasidone,"Ziprasidone hydrochloride,Ziprasidone",040201,Antipsychotic drugs,Drugs used in psychoses and related disorders,Central Nervous System
zolmitriptan,Zolmitriptan,040704,Antimigraine drugs,Analgesics,Central Nervous System
zolpidem,"Zolpidem tartrate,Zolpidem",040101,Hypnotics,Hypnotics and anxiolytics,Central Nervous System
zonisamide,Zonisamide,040801,Control of epilepsy,Antiepileptic drugs,Central Nervous System
zopiclone,Zopiclone,040101,Hypnotics,Hypnotics and anxiolytics,Central Nervous System
zuclopenthixol,Zuclopenthixol acetate,040201,Antipsychotic drugs,Drugs used in psychoses and related disorders,Central Nervous System
zuclopenthixol,Zuclopenthixol decanoate,040202,Antipsychotic depot injections,Drugs used in psychoses and related disorders,Central Nervous System
zuclopenthixol,"Zuclopenthixol hydrochloride,Zuclopenthixol",040201,Antipsychotic drugs,Drugs used in psychoses and related disorders,Central Nervous System
